[
  {
    "code":"bg-info",
    "id":"theresa",
    "name":"Theresa Journeau-Collins",
    "title": "Marriage and Family Therapis",
    "license":"LMFT80570",
  	"photo":"assets/img/teams/18.jpg",
  	"video":"https://www.youtube.com/embed/1OPnKMVj5EM",
    "bio":"Welcome! I am a licensed marriage and family therapist. I obtained a Masters in Clinical Psychology with a specialization in Applied Community Psychology from Antioch University, California. I have over 15 years working in both the health and mental health fields. I have experience working with diverse populations including veterans, older adults, dual diagnosis, adults, children and adolescents, families, and groups. I specialize in treating mental and emotional disorders such as depression, anxiety, other mood disorders, grief and loss, adjustment disorders, etc. Approaches I use in therapy include but are not limited to humanistic, evidence-based, cognitive behavioral therapy, attachment-focused, gestalt, art therapy, and play therapy. I very much believe in working collaboratively with each client to develop the approach that best works for their personal needs. I am passionate about helping individuals who are feeling stuck in their lives, who might be needing some gentle support to reconnect to their true selves and find the answers that have been waiting there for them. I look forward to hearing from you!"
  },
  {
  	"code":"bg-warning",
  	"id":"tanya",
    "name":"Tanya Gilbert, Psy.D.",
    "title": "Psychological Assistant",
    "license":"PSB37395",
    "photo":"assets/img/teams/06.jpg",
    "video":"https://www.youtube.com/embed/6RCu7EZm8qU",
    "bio":"Dr. Gilbert has a Doctorate in Clinical Psychology, (Psy.D), from Illinois School of Professional Psychology at Argosy University, Chicago and completed post-graduate fellowship in Psychoanalysis at the Wright Institute Los Angeles. She is currently working on licensure by the state of California; therefore I am under the direct supervision of Dr. Inga Simonian PSY25302. Dr. Gilbert's mission is to help those seeking help to move forward in their life through integrating the principles that motivate behavior change with each person's unique experiences, to create a realistic approach for addressing their life's challenges. Dr. Gilbert draws upon a holistic approach to provide a wide variety of services geared towards life enrichment that enables her clients to maximize their personal and professional potential that are tailored to their specific needs. Dr. Gilbert has worked over 25 years in a variety of settings and provides service to diverse population from adolescent through older adults male, female, LGBTQ, individuals, couples, families, groups, organizations, and the dually diagnose Dr. Gilbert has taught graduate level courses in clinical psychology; presented her research via presentations and seminars; lectured on the topics of Mental Health Awareness and African American College Students, Coping with Issues of Diversity, Cultural Diversity, Client-Centered Psychotherapy and African American Patients Parenting Issues, substance affected families, Addictions, The Cycle of Domestic Violence, Self-Esteem, Body-Image Concerns, and Career Enhancement/Development, HIV/AIDS, Human Sexuality, and Abused Boys"
  },
    {
    "code":"bg-success",
    "id":"jane",
    "name":"Jane Oh, Ph.D.",
    "title": "Clinical Psychologist",
    "license":"PSY26714",
    "photo":"assets/img/teams/02.jpg",
    "video":"https://www.youtube.com/embed/d5zh-jdtT3A",
    "bio":"I started on my journey to learn about human relationships at UC Davis where I received my bachelor's degrees in psychology and sociology. I continued my education at California School of Professional Psychology at Alliant International University earning a master's and doctoral degree. I began my training with a focus on child and family psychotherapy through community clinics providing services to foster children and low income families. Through my training I have gained expertise in working with children and teens through individual and family therapy. Working with families has allowed me gain expertise in working with individuals of various ages with consideration of how family history and relationships impact who they are and obstacles they may face. I have successfully assisted parents in strengthening their parenting skills while helping them feel empowered. Upon licensure I began working with children ages 2-5 focused on assisting caregivers with building a strong positive relationship in order for both caregiver and child to become resilient and successful. I am currently working on certification in Parent Child Interaction Therapy through UC Davis. I also have a passion for working with children and adults with ADHD knowing that the challenges can be a lifelong struggle. I work with a strength based approach knowing that individuals have internal resources to help them overcome any difficulties they are facing. Knowing that humans and relationships are constantly evolving, I continue my journey in professional development in an effort to learn approaches that will best help individuals."
  },
      {
    "code":"bg-primary",
    "id":"erica",
    "name":"Erica Basso, LMFT",
    "title": "Marriage Family Therapist",
    "license":"LMFT114828",
    "photo":"assets/img/teams/08.jpg",
    "video":"https://www.youtube.com/embed/3XNCZDbYjR4",
    "bio":"5151I believe we need less fixing and more acceptance, less perfectionism and more good-enough, less criticism and more self-compassion. I know first-hand how difficult & scary it can be to slow down in our busy lives and be willing to look at ourselves from another person's perspective, in ways we most likely haven't before. I know that when we create space for ourselves in this way, we can undergo profound and lasting life changes. Right now you may be feeling disconnected, frustrated, or lonely. I work with many individuals who are seeking relief from stress/burnout, depression, anxiety, life transitions, relationship challenges. My approach is compassionate, down to earth, and non-judgmental. I will hold the space for hope and healing while we look at what is, and is not, working. I work holistically, meaning I view the mind, body, spirit connection as essential in understanding you as a whole person, while also integrating mindfulness & self compassion practices. I invite you to show up exactly as yourself. Some days there will be laughter, and other times I will support a much-needed cry. I believe in the healing power of relationships, so it's most important you feel safe, heard, & truly seen. Together we will find the tools, clarity, and self acceptance so you can move through the world with more ease & meaning."
  },
  {
  	"code":"bg-success",
  	"id":"silva",
    "name":"Silva Badalian,  LCSW",
    "title": "Clinical Social Worker",
    "license":"LCSW67598",
    "photo":"assets/img/teams/11.jpg",
    "video":"https://www.youtube.com/embed/nTDmrgVcjdM",
    "bio":"I have more than 15 years of experience working in the public sector helping children and adults.  In our therapy sessions, I will use a mindfulness-based approach to improve your quality of life. Mindfulness-based therapy is an evidence-based treatment that integrates meditation techniques and eastern philosophies with western psychology.  If you enjoy being outdoors or prefer to have a session in the comfort of your home, I offer alternative therapies such as online therapy, wilderness therapy and walk and talk therapy.  I have a special interest in helping individuals experiencing work stress, burnout or compassion fatigue.  I will work with you to help you feel more peace, gain clarity and live the life you want.  I am a licensed Clinical Social Worker and obtained my master's degree from California State University of Long Beach. My bachelor's degree is in psychology from California State University, Northridge."
  },
    {
    "code":"bg-primary",
    "id":"rosanna",
    "name":"Rosanna Daragchyan,LMFT",
    "title": "Marriage and Family Therapis",
    "license":"LMFT111393",
    "photo":"assets/img/teams/03.jpg",
    "video":"https://www.youtube.com/embed/VLvtG1wjNF4",
    "bio":"I completed my graduate work at California State University, Northridge. My program is nationally accredited by the Commission for the Accreditation of Marriage and Family Therapy Education, and is one of two such accredited programs in the region. I received excellent training from impeccable instructors and supervisors that not only provided the therapeutic techniques and strategies necessary for the therapeutic process, but also genuinely cared for the well being of clients. I have provided therapy for individuals, children, adolescents, couples, groups, and families. I am trained in using systemic, collaborative, humanistic, strength based, and evidence based theoretic approaches. My treatment style is always adapted to the clients' individual needs. I specialize in treating mental and emotional disorders, such as depression, anxiety, cognitive disabilities, grief and loss, and various adjustment disorders. I value the importance of a trusting relationship between therapist and client. I strive to provide safety and comfort to discuss subjects freely, without the fear of judgment or shame. I also recognize the importance of being culturally aware of the differences and pressures family customs or beliefs can have on individuals. My goal is to provide a healing experience that allows for growth and strength to be accentuated, while providing tools and skills that can be used daily. This is your personal path of discovery, I am simply a messenger on the way."
  },
    {
    "code":"bg-info",
    "id":"suzanne",
    "name":"Suzanne Smith, Psy.D.",
    "title": "Psychological Assistant",
    "license":"PSB9402125",
    "photo":"assets/img/teams/04.jpg",
    "video":"https://www.youtube.com/embed/uy_A7-HplTg",
    "bio":"I am a psychological assistant with a doctorate degree in Clinical Psychology specializing in working with children, adolescents, and adults who are experiencing a wide range of behavioral, developmental, emotional, and relational difficulties. My approach is primarily cognitive behavioral evidence based therapy. My focus is on present day concerns, abolishing the self-defeating behaviors, empowering clients reduce stress, and lead emotionally balanced and fulfilling life.I specialize in: Dealing with parental stress and depression raising children with developmental challenges such as Autism Spectrum Disorders (ASD), and ADHD. Improving parent child communication, and decreasing parental stress. I help parents to understand children's unique emotional needs, and specific communication styles. Working with adults: I provide a supportive environment for healing. I help to facilitate positive change for my clients. I work with individuals who seek help with a wide range of concerns, such as anxiety, depression, anger, stress, post-traumatic stress disorder, relationship issues, and work related problems. I focus on creating a safe place for my clients in a welcoming, warm and caring practice, offering the safety to explore and express painful and difficult emotions in a confidential setting."
  },
      {
    "code":"bg-warning",
     "id":"irina",
    "name":"Irina Demidova, Ph.D.",
    "title": "Psychological Assistant",
    "license":"PSB94020873",
    "photo":"assets/img/teams/01.jpg",
    "video":"https://www.youtube.com/embed/85WhbqG1LX0",
    "bio":"From the time I was a teenager, people always came to me for advice and guidance. I recall in middle school and high school my peers were interested in my advice, suggestions, and what I had to say. I have always enjoyed helping people, but it was not until I went to college that I realized that communicating with others and helping people overcome their everyday struggles came to me naturally. Today, I hold two master degrees in general and clinical psychology and a doctorate degree in clinical psychology. I am currently working on licensure by the state of California; therefore I am under the direct supervision of Dr. Inga Simonian PSY25302. I also enjoy working with business executives, individuals in the military, and veterans. To determine client's specific struggles, I also administer psychological assessments that may entail Wechsler Adult Intelligence Scale, Minnesota Multiphasic Personality Inventory, and Thematic Apperception Test. I also have experience working with diverse population and my therapeutic approach is specifically tailored to clients' needs. I am also fluent in Russian."
  },
      {
    "code":"bg-primary",
    "id":"arineh",
    "name":"Arineh Ohanian, AMFT",
    "title": "Marriage Family Therapist",
    "license":"AMFT113525",
    "photo":"assets/img/teams/09.jpg",
    "video":"https://www.youtube.com/embed/tkj-2YmBBEc",
    "bio":"I am an Associate Marriage and Family Therapist practicing under Dr. Inga Simonian, a licensed Psychologist. My areas of expertise are in relationship counseling, childhood trauma, and personal growth. I believe that developing a deeper understanding of yourself can foster self-acceptance and a sense of wholeness. As your therapist, my objective is to help you recognize your symptoms and support you with the tools you need to manage them. I help both individuals and couples develop a better understanding of themselves, their partner, and the way they show up in the world. I encourage my clients to take a holistic approach towards problem-solving, and I often incorporate mindfulness techniques to develop the connection between the mind, body, and spirit. As your therapist, my approach will be genuine, empathic, and free of judgment. I recognize and understand that each client is a unique individual and I strive to make the therapeutic process feel safe and inviting for all. I look forward to meeting with you!"
  },

      {
    "code":"bg-success",
    "id":"flo",
    "name":"Flo Stueck, AMFT",
    "title": "Marriage Family Therapist",
    "license":"AMFT116047",
    "photo":"assets/img/teams/07.jpg",
    "video":"https://www.youtube.com/embed/TfZtOZ0M0NI",
    "bio":"My passion as a therapist is the belief that human relationships are fostered by the practice of self-compassion, courage, and connection. I will guide you using a culturally-inclusive and trauma-informed perspective that includes listening with an empathic and non-judgmental lens. I will incorporate complementary interdisciplinary strategies from Cognitive Behavior Therapy (CBT), strengths based, person-centered, and mindfulness when appropriate to your goals. My areas of expertise are humans who self-identify under umbrellas of diversity. I believe all identities should be recognized and supported, including validating sexual and gender identity labels such as LGBTQIA+ individuals and couples, as well as folks who practice relationship diversity on a spectrum from monogamy to ethical non-monogamy. I earned my Master's of Science in Counseling Psychology from Mount Saint Mary's University in Los Angeles and my Bachelor's degree from Wesleyan University in Connecticut. As an Associate Marriage and Family Therapist practicing under Dr. Inga Simonian, a licensed psychologist, I have experience working with adolescents, seniors, couples, and individuals. I strive to create a safe space where perceived vulnerabilities and imperfections can be redefined and embraced as positive catalysts to healing energy and authentic growth. I believe human beings are worthy of belonging and love, and I hope to collaborate with you on your courageous journey of healing your body, mind, and spirit."
  },
        {
    "code":"bg-warning",
    "id":"lauren",
    "name":"Lauren Phillips, AMFT",
    "title": "Marriage Family Therapist",
    "license":"AMFT116450",
    "photo":"assets/img/teams/10.jpg",
    "video":"https://www.youtube.com/embed/7P3K_5zttbM",
    "bio":"I believe in the power of the narrative that we tell ourselves on a daily basis. We are ften unkind to ourselves and repeat critical inner thoughts and judgments about all aspects of our lives, like the choices we've made, the way we look, the things we have, the things we don't have, etc. Frequently we repeat these destructive internal thoughts so often we come to believe them as facts. I consider the rapport between the therapist and the client to be of the upmost importance. I work emphatically with my clients to help them discover how their inner monologues might be affecting their lives. I am sensitive to how effective communication can be naturally difficult for some, and because of this, I strive for a collaborative approach in therapy. I believe that through the careful exchange of words and creating a safe non-judgmental space, connections are made that cultivate change! I integrate certain strategies and interventions from Narrative Therapy (Th), Solution Focused (Th), Cognitive Behavior Therapy (CBT), Person Centered (Th), and Emotion Focused (Th). I have a background in working with children and families who are experiencing grief due to the loss of a child or a parent. I also enjoy working with individuals and couples who want more valuable communication, intimacy, and conflict resolutions in their relationships, or who want to increase their self-esteem, decrease their stress, and achieve their goals."
  },
        {
    "code":"bg-info",
    "id":"irene",
    "name":"Irene Hernandez, AMFT",
    "title": "Associate Marriage and Family Therapist",
    "license":"LMFT109745",
    "photo":"assets/img/teams/15.jpg",
    "video":"https://www.youtube.com/embed/4dXq183UPeA",
    "bio":"Hello! I am Irene Hernandez, I am a registered marriage family and child therapist associate working under the licensed clinician of Theresa Journeau-Collins LMFT. I earned my masters at the University of Phoenix, where I obtained training with the Pomona Unified school district in their school mental health department. There I worked with families and provided individual therapy to children and adolescents. I also currently work at BHC Alhambra hospital in the assessment and referral department where I am trained in risk assessment skills with suicidal patients diagnosed with various psychotic and depressive disorders. As a therapist I am passionate about helping individuals find a sense of self and holistic wellbeing. My specialties' include various aspects of depression, anxiety, grief and loss, adjustment disorders, etc. Approaches I use in therapy include but are not limited to cognitive behavioral therapy, behavioral therapy, art therapy, play therapy, reality therapy, solution-focused therapy, and narrative therapy. I believe in working with the client collaboratively to develop an approach that best works for each individuals needs. I look forward to speaking with you!"
  },
        {
    "code":"bg-warning",
    "id":"shani",
    "name":"Shani Habibi, Ph.D.",
    "title": "licensed Psychologist",
    "license":"PSY26779",
    "photo":"assets/img/teams/13.jpg",
    "video":"",
    "bio":"Shani Habibi is an Associate Professor and the Director of the Masters in Science program at Mount Saint Mary's University.   She received her Ph.D. in Clinical Psychology with an emphasis in Multicultural Communications from the California School of Professional Psychology at Alliant International University and has been studying bisexuality for 18 years. She is trained as a Cognitive Behavioral Therapist as well as a Systemic Therapist and has treated clients in a variety of clinical settings, mainly in a community mental health clinic and at an inpatient psychiatric hospital."
  },
        {
    "code":"bg-primary",
    "id":"amanda",
    "name":"Amanda Romero, Ed.D., MSW",
    "title": "Clinical Social Worker",
    "license":"ASW 87895",
    "photo":"assets/img/teams/16.jpg",
    "video":"https://www.youtube.com/embed/96SQVn8nJtc",
    "bio":"I believe that we all have the characteristics to face life's challenges, but sometimes we may need some help recognizing our strengths. I utilize a multidimensional approach to therapy, exploring each individual's biological, psychological, social, and spiritual needs. I like to assist in helping others heal from trauma, build self-worth, improve communication in relationships, and reach goals. With compassion and understanding, I work with each individuals to help them build on their strengths and attain the personal growth they are committed to accomplishing."
  },      
  {
    "code":"bg-info",
    "id":"michelle",
    "name":"Michelle Melendres, Ed.D., MSW",
    "title": "Clinical Social Worker",
    "license":"ASW 97729",
    "photo":"assets/img/teams/17.jpg",
    "video":"https://www.youtube.com/embed/BKdNMvCKzhg",
    "bio":"My name is Dr. Michelle Melendres and I am an Associate Clinical Social Worker, under the supervision of Dr. Inga Simonian. Originally from Hawaii, I have a Master of Science in Social Work from Columbia University and a Doctoral Degree in Education from the University of California, Los Angeles. Because everyone's journey and circumstances are different, my therapeutic approach is one that is customized specifically to you, cognizant of your unique background and understanding the complex intersectionality of your identity. I integrate a mindfulness-based approach through an in-depth assessment that will focus on your strengths and build your capacity to be present. Through the work we do, my hope is to empower you to cultivate self-compassion to feel much more balanced and whole. While working with you, I will incorporate an ecological framework and biological, psychological, social, and spiritual approach that takes into consideration all aspects of who you are, what your circumstances are, the environment in which you are in, and the changes that come with these."
  },
        {
    "code":"bg-success",
    "id":"stefanie",
    "name":"Stefanie Garcia, MFT",
    "title": "Marriage and Family Therapist",
    "license":"LMFT111393",
    "photo":"assets/img/teams/12.jpg",
    "video":"",
    "bio":"My name is Stefanie Garcia and it is my calling to serve and guide people on their journey toward healing and finding their inner strength. In my 8 years of practice as a Marriage and Family Therapist, I have ministered to adults, families and children from all walks of life who have been struggling with issues ranging from depression and anxiety to new motherhood, childhood behavior issues, trauma, Department of Child and Family Services (DCFS) cases and those looking to find meaning toward the end of their lives. As a strengths based cognitive behavioral therapist, I work to empower clients to use their own strengths to discover new ways to change their lives. I provide a safe and compassionate environment where clients can explore their thoughts, feelings, and experiences without judgment. I help clients identify the thought processes that create and maintain their negative view of themselves, others, and the world around them. Through talk therapy, I assist the client in shifting they way they view and approach their lives in order for them to foster loving relationships with themselves and others. I work to highlight the client's inner resources to help them successfully navigate any situation that challenges them in life. I understand how difficult it can be to struggle with emotional pain and I feel truly honored when my clients allow me to join them on their journey of healing."
  }  
]